insight_id,type,indicator,entity,period,value,prev_value,change_pct,severity,explanation,metric,change,deviation_ratio,threshold,drivers
INS-0001,trend,high_risk_cases,Mehsana,2026-08,28.0,11.0,154.5,High,"Mehsana's high_risk_cases rose by 154.5% between 2026-07 and 2026-08 (11 to 28), clearing the 10% change threshold at 15.45x its own previous month. Severity: High.",,154.5,15.455,10.0,
INS-0002,trend,anc_coverage,Mehsana,2026-08,42.0,84.0,-50.0,High,"Mehsana's anc_coverage fell by 50.0% between 2026-07 and 2026-08 (84 to 42), clearing the 10% change threshold at 5.00x its own previous month. Severity: High.",,-50.0,-5.0,10.0,
INS-0003,trend,high_risk_cases,Ahmedabad,2026-08,13.0,10.0,30.0,High,"Ahmedabad's high_risk_cases rose by 30.0% between 2026-07 and 2026-08 (10 to 13), clearing the 10% change threshold at 3.00x its own previous month. Severity: High.",,30.0,3.0,10.0,
INS-0004,outlier,high_risk_cases,Mehsana,2026-08,28.0,14.7,90.9,High,"Mehsana's high_risk_cases of 28 in 2026-08 sits above its 6 peer districts in the same month, which average 14.7, a 3.80x IQR (linear) deviation (fences 8.5 to 18.5). Severity: High.",,90.9,2.533,1.5,
INS-0005,trend,anc_coverage,Ahmedabad,2026-08,69.0,85.0,-18.8,High,"Ahmedabad's anc_coverage fell by 18.8% between 2026-07 and 2026-08 (85 to 69), clearing the 10% change threshold at 1.88x its own previous month. Severity: High.",,-18.8,-1.882,10.0,
INS-0006,trend,high_risk_cases,Vadodara,2026-08,6.0,7.0,-14.3,Medium,"Vadodara's high_risk_cases fell by 14.3% between 2026-07 and 2026-08 (7 to 6), clearing the 10% change threshold at 1.43x its own previous month. Severity: Medium.",,-14.3,-1.429,10.0,
INS-0007,correlation,institutional_delivery:immunization,Bhavnagar,12 observations,0.979,,,Medium,"institutional_delivery and immunization move directly across the dataset (r=+0.98 over 12 observations, 1.40x the 0.7 correlation threshold), driven mainly by Bhavnagar, Surat, Ahmedabad. Severity: Medium. Correlation is not causation.",,,1.398,0.7,"Bhavnagar (+1.00), Surat (+0.75), Ahmedabad (+0.50)"
INS-0008,correlation,anc_coverage:high_risk_cases,Mehsana,12 observations,-0.933,,,Medium,"anc_coverage and high_risk_cases move inversely across the dataset (r=-0.93 over 12 observations, 1.33x the 0.7 correlation threshold), driven mainly by Mehsana, Ahmedabad, Bhavnagar. Severity: Medium. Correlation is not causation.",,,1.334,0.7,"Mehsana (+1.00), Ahmedabad (+0.32), Bhavnagar (+0.07)"
INS-0009,trend,high_risk_cases,Bhavnagar,2026-08,15.0,17.0,-11.8,Medium,"Bhavnagar's high_risk_cases fell by 11.8% between 2026-07 and 2026-08 (17 to 15), clearing the 10% change threshold at 1.18x its own previous month. Severity: Medium.",,-11.8,-1.176,10.0,
INS-0010,outlier,immunization,Vadodara,2026-08,97.0,91.8,5.6,Low,"Vadodara's immunization of 97 in 2026-08 sits above its 6 peer districts in the same month, which average 91.8, a 1.36x IQR (linear) deviation (fences 87.6 to 94.6). Severity: Low.",,5.6,0.905,1.5,
INS-0011,outlier,anc_coverage,Mehsana,2026-08,42.0,74.0,-43.2,Low,"Mehsana's anc_coverage of 42 in 2026-08 sits below its 6 peer districts in the same month, which average 74.0, a 1.24x IQR (linear) deviation (fences 55.4 to 98.4). Severity: Low.",,-43.2,0.829,1.5,
INS-0012,outlier,high_risk_cases,Vadodara,2026-08,6.0,14.7,-59.1,Low,"Vadodara's high_risk_cases of 6 in 2026-08 sits below its 6 peer districts in the same month, which average 14.7, a 1.00x IQR (linear) deviation (fences 8.5 to 18.5). Severity: Low.",,-59.1,0.667,1.5,
